{
<<<<<<< HEAD
    "RMSE": 8243.503973813784,
    "MAE": 5749.0160413520925,
=======
    "RMSE": 8243.503973813782,
    "MAE": 5749.0160413521,
>>>>>>> 96330c32d98eb035e4e93947b85d0353e2f10de3
    "R2": 0.9650240530089602
}